"","C","phi","ppi","ppitil","F","D","A","ii","v","r"
"1",0,0,0,0,0,0,0,0,0,0.0101010101010101
"2",0.90023733160618,-0.591187968475904,-0.0694307808879905,-0.673474436281707,-3.04775452349554,-2.45814979883728,1,-0.153558038218054,0,0.0694307808879905
"3",0.809648116446549,-0.533422577015341,-0.0622974074855138,-0.606133401564901,-2.74409377090044,-2.21195567974555,0.899551641390839,-0.138016974136617,0,-0.0912606307325405
"4",0.728226195678738,-0.481174831036524,-0.0559139775407024,-0.54552386595752,-2.47057930265506,-1.99044637509709,0.809233535744269,-0.124065649987245,0,-0.0821029965959142
"5",0.65503399550666,-0.43394262815788,-0.0501984194834625,-0.490973554433083,-2.22424042276681,-1.79114279170887,0.728016366352402,-0.111538203548463,0,-0.0738672305037822
"6",0.589231729165007,-0.391264511942757,-0.0450782468782616,-0.441877149600289,-2.0023945708211,-1.61181526709,0.654976860431078,-0.100286699818001,0,-0.0664599566702013
"7",0.530066833576348,-0.352717459899832,-0.0404893288978683,-0.397689675118074,-1.80262036265255,-1.45045847112647,0.589286588810367,-0.090179074557422,0,-0.0597973709201323
"8",0.476864616693051,-0.31791453071135,-0.0363748378400329,-0.357920518425947,-1.62273293374655,-1.30526881158469,0.53020200012841,-0.0810973361405563,0,-0.0538042367173891
"9",0.429019963643551,-0.286502456479831,-0.0326843449421732,-0.322128034891067,-1.46076143995421,-1.17462410323862,0.477055543988869,-0.0729359891100638,0,-0.0484129911983831
"10",0.385989971275724,-0.258159242650036,-0.0293730409604219,-0.289914679749337,-1.3149285662864,-1.05706528041355,0.429247756385487,-0.0656006487945251,0,-0.0435629481496419
"11",0.347287398690743,-0.23259182053561,-0.0264010621435468,-0.260922618385373,-1.18363189494007,-0.951279951864703,0.386240196816523,-0.0590068211716629,0,-0.0391995866509783
"12",0.312474836530852,-0.209533783795335,-0.0237329055855285,-0.234829769537692,-1.06542698720499,-0.85608761504532,0.347549140345027,-0.0530788261249047,0,-0.0352739155861344
"13",0.281159510630413,-0.188743229830102,-0.0213369206568422,-0.211346239884558,-0.959012039557272,-0.770426363842658,0.312739939770168,-0.0477488455109544,0,-0.0317419054680625
"14",0.252988646564667,-0.170000719198737,-0.0191848654251649,-0.190211112127403,-0.863213981312405,-0.69334093968173,0.281421983359054,-0.0429560801710218,0,-0.0285639800857895
"15",0.227645330960202,-0.153107360216143,-0.0172515187836911,-0.171189552119921,-0.776975889107134,-0.623971990485328,0.253244182494639,-0.0386460022846959,0,-0.0257045613873307
"16",0.204844813430638,-0.137883021474183,-0.0155143404888041,-0.154070203777468,-0.699345601779222,-0.561546415339131,0.227890931330421,-0.0347696913650853,0,-0.0231316617958917
"17",0.184331199882326,-0.124164671781357,-0.0139531725312841,-0.138662843443271,-0.629465427603704,-0.505368684882912,0.20507848727791,-0.0312832437950151,0,-0.0208165188338012
"18",0.165874493876861,-0.111804844677188,-0.0125499762757888,-0.124796268087002,-0.566562844111251,-0.454813038496338,0.184551727032423,-0.0281472471569569,0,-0.0187332675192263
"19",0.149267947883525,-0.100670223042765,-0.0112886006421019,-0.112316394179168,-0.50994209870413,-0.409316469339183,0.166081237987581,-0.0253263117586186,0,-0.016858646514855
"20",0.134325690725756,-0.0906403382312848,-0.0101545773004826,-0.101084546333463,-0.458976625906948,-0.368372417324592,0.149460709400984,-0.0227886527361479,0,-0.015171734458136
"21",0.120880601420859,-0.0816063774584874,-0.00913493943655982,-0.090975916851177,-0.413102204281746,-0.33152509822868,0.134504591638818,-0.0205057169539507,0,-0.0136537132995881
"22",0.108782403015462,-0.0734700928145093,-0.00821806113133619,-0.0818781791559808,-0.371810782769599,-0.298364404449158,0.121045995318858,-0.0184518496398268,0,-0.0122876558226145
"23",0.0978959529985168,-0.0661428051184076,-0.00739351481354957,-0.0736902397826311,-0.334644912483295,-0.268521319497239,0.108934805251693,-0.0166039963138286,0,-0.0110583348262772
"24",0.0880997094895752,-0.0595444958615188,-0.00665194458924139,-0.0663211151018861,-0.301192725772337,-0.241663794209601,0.0980359868019587,-0.014941436103603,0,-0.0099520517245872
"25",0.0792843547016586,-0.0536029806363025,-0.00598495354857249,-0.0596889203323903,-0.271083409719963,-0.217493037966165,0.0882280647010125,-0.0134455430036845,0,-0.00895648255503048
"26",0.0713515592042357,-0.0482531576871947,-0.0053850034001113,-0.0537199596284843,-0.243983126139657,-0.195740182958914,0.0794017564774485,-0.012099572039311,0,-0.0080605396035732
"27",0.0642128723048918,-0.0434363255083614,-0.00484532499638174,-0.0483479071462511,-0.219591334627933,-0.176163283825137,0.0714587445678205,-0.0108884676456414,0,-0.00725424704292928
"28",0.0577887254503473,-0.0390995637513769,-0.00435983849785042,-0.043513069998391,-0.19763747933631,-0.158544618791812,0.0643105728544091,-0.00979869188210362,0,-0.00652862914779093
"29",0.052007536951626,-0.0351951720529375,-0.00392308207864404,-0.0391617249124399,-0.177878003865961,-0.14268826191669,0.0578776548752824,-0.00881807036856811,0,-0.00587560980345958
"30",0.046804907583109,-0.0316801617497142,-0.00353014821329978,-0.0352455212254354,-0.160093662096394,-0.128417899098587,0.0520883822872298,-0.00793565406771359,0,-0.00528792215526833
"31",0.042122897711061,-0.0285157958108462,-0.0031766266996353,-0.0317209435823473,-0.144087095854717,-0.115574863300028,0.0468783233518177,-0.0071415952442087,0,-0.00475902736807829
"32",0.0379093775902506,-0.0256671726625246,-0.00285855367469889,-0.0285488283690016,-0.129680653144415,-0.104016366913107,0.0421895022768348,-0.0064270361158034,0,-0.00428304156950981
"33",0.0341174433444946,-0.023102849918244,-0.00257236596768474,-0.0256939285059432,-0.116714423201181,-0.0936139114322998,0.0379697511936783,-0.00578400887133752,0,-0.00385467014811866
"34",0.0307048919262032,-0.0207945043515956,-0.0023148602108896,-0.0231245217669818,-0.105044466953763,-0.0842518566040229,0.0341721273987128,-0.00520534587536703,0,-0.00346914866044792
"35",0.0276337490469958,-0.0187166247504367,-0.0020831561957147,-0.0208120582700366,-0.0945412235597298,-0.0758261330230381,0.0307543892442474,-0.00468459900434311,0,-0.00312218967965233
"36",0.0248698446935869,-0.0168462345777831,-0.00187466401957427,-0.0187308432223809,-0.0850880755774885,-0.0682430837641745,0.0276785247432132,-0.00421596717229307,0,-0.00280993498476885
"37",0.0223824313980714,-0.0151626416311723,-0.00168705462039638,-0.0168577513941726,-0.0765800570478481,-0.0614184220915859,0.0249103275585361,-0.0037942312035924,0,-0.00252891255189669
"38",0.0201438409290322,-0.0136472121429532,-0.00151823334054727,-0.0151719701479869,-0.0689226903040518,-0.0552762935921103,0.02241901559219,-0.00341469529912871,0,-0.00227599786304513
"39",0.0181291755139812,-0.0122831669866152,-0.00136631620133471,-0.0136547681672816,-0.0620309387264206,-0.0497484322547925,0.0201768878760333,-0.00307313442111674,0,-0.002048379097794
"40",0.0163160301022813,-0.0110553978738159,-0.00122960860434729,-0.0122892873143043,-0.0558282639189667,-0.0447734010717848,0.018159015903918,-0.00276574699219229,0,-0.00184352581676945
"41",0.0146842425329696,-0.00995030161564658,-0.00110658620656395,-0.0110603553035826,-0.050245776923552,-0.0402959086843735,0.0163429659359782,-0.00248911236743615,0,-0.00165916078562834
"42",0.01321566879251,-0.00895563070133498,-0.00099587774352147,-0.00995431711002803,-0.0452214741148982,-0.0362661944497855,0.0147085491579491,-0.002240152593775,0,-0.00149323462391468
"43",0.0118939808328111,-0.00806035861292687,-0.000896249598956172,-0.00895888323703131,-0.0406995493460682,-0.0326394750709058,0.0132375968937559,-0.00201609802154643,0,-0.00134390299481882
"44",0.0107044846774595,-0.0072545584403727,-0.000806591940771524,-0.00806299315896375,-0.0366297747498079,-0.0293754466190732,0.0119137583529216,-0.00181445637751337,0,-0.00120950608077491
"45",0.00963395677360257,-0.00652929349952425,-0.000725906262251768,-0.00725669241999904,-0.0329669433552726,-0.0264378364008944,0.0107223186484928,-0.00163298494897969,0,-0.0010885501152616
"46",0.00867049675470355,-0.00587651877730355,-0.000653294184544196,-0.00653102202428091,-0.0296703673581589,-0.0237939996750147,0.00965003505002393,-0.0014696655644313,0,-0.000979690764435494
"47",0.00780339496384563,-0.0052889921451249,-0.000587947391072691,-0.00587791888689848,-0.0267034264954225,-0.0214145567277724,0.00868498964108344,-0.00132268208804555,0,-0.000881718173358604
"48",0.00702301325496979,-0.00476019437700703,-0.000529138578750112,-0.00529012624101988,-0.0240331615269929,-0.0192730662655349,0.007816456734977,-0.0011904001746145,0,-0.000793543509295437
"49",0.00632067773809197,-0.00428425710903291,-0.000476213322012538,-0.00476111300414805,-0.021629908324261,-0.0173457314874947,0.00703478356862686,-0.00107134905684945,0,-0.00071418685260196
"50",0.00568858226985824,-0.00385589795379726,-0.000428582757109088,-0.00428500120829289,-0.0194669685136484,-0.0156111355677502,0.00633128294265095,-0.000964205160284594,0,-0.000642766299740367
"51",0.00511970161090058,-0.00347036206680418,-0.000385717003228923,-0.00385650068729371,-0.0175203130262536,-0.0140500036018398,0.00569813661048801,-0.000867777361944662,0,-0.000578488157055671
"52",0.00460771328030241,-0.00312336952452696,-0.000347139245899804,-0.00347085029591687,-0.0157683152685273,-0.012644988369126,0.00512830833880873,-0.000780993727405623,0,-0.000520638116044857
"53",0.00414692723531562,-0.00281106793866837,-0.000312420415399052,-0.00312376500660738,-0.0141915109570734,-0.0113804775280668,0.00461546567034343,-0.000702889577266358,0,-0.000468573312006571
"54",0.0037322225914016,-0.00252998979033414,-0.000281174400344315,-0.00281138829747452,-0.0127723819538961,-0.0102424200982831,0.00415390951733485,-0.000632596750113797,0,-0.000421715176922043
"55",0.00335899067707146,-0.00227701401256386,-0.000253053742038488,-0.00253024930102486,-0.0114951617057213,-0.00921817030048455,0.00373851080097687,-0.000569333941136813,0,-0.000379543008075309
"56",0.00302308378896665,-0.00204933140289798,-0.000227745761303394,-0.00227722423823407,-0.0103456601290408,-0.0082963470167452,0.00336465343155901,-0.00051239800878105,0,-0.000341588179833418
"57",0.00272076907583685,-0.00184441348214381,-0.000204969074179811,-0.00204950170947793,-0.00931110599856622,-0.00746670730866761,0.00302818299406926,-0.00046115615224239,0,-0.000307428934601238
"58",0.00244868703784817,-0.00165998446002291,-0.00018447045715435,-0.00184455145634255,-0.00838000508983638,-0.00672003258648246,0.00272536056826755,-0.00041503887222849,0,-0.000276685695088039
"59",0.00220381417876947,-0.00149399599632671,-0.000166022026974989,-0.00166009624713581,-0.00754201250240394,-0.00604802616389621,0.00245282116906331,-0.000373533636839271,0,-0.000249016845253502
"60",0.00198342939543572,-0.00134460448040219,-0.000149418703207801,-0.00149408657427186,-0.00678781774613446,-0.00544322105924255,0.00220753634483373,-0.000336179181499412,0,-0.00022411493363147
"61",0.00178508373023245,-0.00121015057800156,-0.000134475925178107,-0.00134467788136527,-0.00610904131530532,-0.00489889701831281,0.00198678051741563,-0.000302560379461525,0,-0.000201703256321305
"62",0.00160657314982604,-0.00108914081974332,-0.000121027597816362,-0.00121021006839195,-0.0054981416026112,-0.00440900583601467,0.00178810068940383,-0.000272303625972747,0,-0.000181532781645163
"63",0.00144591404727112,-0.000980231028124834,-0.000108924243236629,-0.00108918904561106,-0.00494833111913673,-0.00396810414697857,0.00160928918169212,-0.000245072684221248,0,-0.000163379382736118
"64",0.00130132119506854,-0.000882211397756905,-9.8031337583933e-05,-0.000980270132677763,-0.00445350109061771,-0.0035712929380205,0.0014483590981218,-0.000220564947147478,0,-0.000147041346637315
"65",0.00117118790357029,-0.000793993067849108,-8.82278144361017e-05,-0.000882243117528159,-0.0040081535926495,-0.00321416310999911,0.00130352224432251,-0.00019850807331679,0,-0.000132337132711376
"66",0.00105406816444109,-0.000714596033901671,-7.94047181249043e-05,-0.000794018809557873,-0.00360734047085698,-0.00289274648397342,0.00117316925527522,-0.000178656959447417,0,-0.000119103355191886
"67",0.000948660580046834,-0.000643138268063836,-7.14639918345889e-05,-0.000714616937425028,-0.00324660836821256,-0.00260347170734088,0.00105585171039646,-0.000160791015764786,0,-0.000107192967612828
"68",0.000853793900623678,-0.000578825925945381,-6.43173871625282e-05,-0.000643155257074035,-0.00292194924885747,-0.00234312456954822,0.000950266037680336,-0.000144711714172331,0,-9.64736286022576e-05
"69",0.000768414007845664,-0.000520944532134138,-5.78854826686238e-05,-0.000578839748899274,-0.0026297558686883,-0.00210881228686066,0.000855239027552912,-0.000130240381427532,0,-8.68262315037074e-05
"70",0.000691572200572921,-0.000468851045665186,-5.2096800851496e-05,-0.000520955795546563,-0.00236678169864835,-0.00189793135830785,0.000769714795656462,-0.000117216213347225,0,-7.81435805760361e-05
"71",0.000622414652040604,-0.000421966719488243,-4.68870133757242e-05,-0.000468860241287228,-0.00213010485485832,-0.00170813863697994,0.000692743049479638,-0.000105494487554099,0,-7.0329199971501e-05
"72",0.000560172921604263,-0.000379770673064606,-4.21982259129914e-05,-0.000421974246211931,-0.00191709563585052,-0.00153732529368789,0.000623468528582194,-9.49449550598225e-05,0,-6.32962616411075e-05
"73",0.00050415541550386,-0.000341794107061588,-3.79783344793424e-05,-0.000379776854331215,-0.00172538730538463,-0.00138359338482941,0.000561121500797235,-8.54503926563457e-05,0,-5.69666205804801e-05
"74",0.000453739701655742,-0.000307615096506453,-3.4180446267949e-05,-0.000341799205372251,-0.00155284979698189,-0.00124523476330296,0.000505009209028628,-7.69053002020598e-05,0,-5.12699463883968e-05
"75",0.000408365592940996,-0.000276853904779273,-3.07623583590433e-05,-0.000307619325190522,-0.0013975660477672,-0.0011207120985457,0.000454508173364232,-6.9214728212405e-05,0,-4.61429418430165e-05
"76",0.000367528922584626,-0.000249168764976382,-2.76860886309842e-05,-0.000276857437042644,-0.00125781069876263,-0.00100864179461979,0.000409057263062174,-6.22932225590594e-05,0,-4.15286395814208e-05
"77",0.000330775941592698,-0.000224252083980137,-2.49174535844287e-05,-0.000249171741872889,-0.00113203092501069,-0.000907778616587862,0.000368151461449528,-5.60638749967993e-05,0,-3.73757689746308e-05
"78",0.000297698276896519,-0.000201827026080625,-2.24256883702626e-05,-0.000224254620673214,-0.00101882918277507,-0.000817001854169774,0.000331336254322245,-5.04574683694858e-05,0,-3.36381866265367e-05
"79",0.000267928393515859,-0.000181644436647588,-2.01831049410047e-05,-0.000201829216306404,-0.000916947681517399,-0.000735302869148136,0.000298202579496198,-4.54117075512905e-05,0,-3.02743634284811e-05
"80",0.000241135510625767,-0.000163480075354716,-1.8164784221752e-05,-0.000181646357388932,-0.000825254409109188,-0.000661773888133155,0.00026838228153192,-4.08705270765752e-05,0,-2.72469233295386e-05
"81",0.000217021925963401,-0.000147132124417304,-1.63482992359869e-05,-0.0001634817897056,-0.000742730554081916,-0.000595597915886703,0.000241544020962436,-3.67834682416315e-05,0,-2.45222278405883e-05
"82",0.000195319708007347,-0.000132418946741097,-1.47134658746935e-05,-0.000147133684602618,-0.000668459185959591,-0.000536039657572651,0.00021738959261608,-3.31051183478578e-05,0,-2.2070002366938e-05
"83",0.000175787718625919,-0.000119177068436116,-1.32421185290632e-05,-0.000132420396203869,-0.000601615067141736,-0.000482437348658937,0.00019565061208926,-2.97946060826698e-05,0,-1.98629998187946e-05
"84",0.000158208933842552,-0.00010725936216982,-1.19179082396425e-05,-0.000119178443280799,-0.000541455483860087,-0.000434195401755044,0.000176085533665216,-2.68151473324652e-05,0,-1.78766978430273e-05
"85",0.000142388032298157,-9.65334124414241e-05,-1.07261210588334e-05,-0.000107260692872035,-0.000487311993935258,-0.000390777789005536,0.000158476966349852,-2.41336365102221e-05,0,-1.60890262736317e-05
"86",0.000128149224942753,-8.68800453690532e-05,-9.65351446224971e-06,-9.65347252690485e-05,-0.000438582999684467,-0.000351702086065497,0.000142629258403915,-2.17202786230788e-05,0,-1.44801220479724e-05
"87",0.000115334301820091,-7.8192003716282e-05,-8.68817024111903e-06,-8.6881362793001e-05,-0.000394727063657285,-0.000316534111821642,0.000128366323415285,-1.95482582183992e-05,0,-1.30321083819598e-05
"88",0.000103800874096116,-7.03727555340095e-05,-7.81936207478057e-06,-7.81933456095452e-05,-0.000355256892459188,-0.000284883103918165,0.000115529683664128,-1.75934414677406e-05,0,-1.17288961436187e-05
"89",9.34207917913099e-05,-6.33354223733562e-05,-7.0374362834592e-06,-7.037413992661e-05,-0.000319733922804488,-0.000256397377096373,0.000103976709286968,-1.58341079616042e-05,0,-1.05560051842814e-05
"90",8.40787202083249e-05,-5.70018129364414e-05,-6.33370459514332e-06,-6.33368653746302e-05,-0.000287763448159062,-0.000230760415309561,9.35790334999353e-05,-1.42507093178063e-05,0,-9.5004033664609e-06
"91",7.56708580018639e-05,-5.13015550263063e-05,-5.7003475879543e-06,-5.70033297231376e-05,-0.000258990233514833,-0.000207687355013864,8.42211262064296e-05,-1.28256520643549e-05,0,-8.55036172985195e-06
"92",6.81037841676613e-05,-4.61713135058162e-05,-5.13032784522873e-06,-5.13031599980174e-05,-0.000233094567958503,-0.000186921819733676,7.5799010401667e-05,-1.15431021184206e-05,0,-7.6953242191262e-06
"93",6.12934197841142e-05,-4.155408640516e-05,-4.61731165059009e-06,-4.61730205736366e-05,-0.000209788712490777,-0.000168233071551338,6.82191067857829e-05,-1.03888087318524e-05,0,-6.92579046783054e-06
"94",5.51640938706299e-05,-3.73985721169312e-05,-4.15559872451832e-06,-4.15559095467977e-05,-0.000188813702839408,-0.000151413447091464,6.13971940177649e-05,-9.3499463423366e-06,0,-6.23321000733407e-06
"95",4.9647702549116e-05,-3.36585989302307e-05,-3.74005882879898e-06,-3.74005253211962e-05,-0.00016993647204977,-0.000136276050188844,5.52574729306698e-05,-8.41497196403529e-06,0,-5.60988751353762e-06
"96",4.46829524047843e-05,-3.0292612218652e-05,-3.36607473278645e-06,-3.36606963524666e-05,-0.00015294726070092,-0.000122652675216273,4.97317242720285e-05,-7.57349684198799e-06,0,-5.04889723124884e-06
"97",4.02146793865299e-05,-2.72632127207295e-05,-3.02949098633835e-06,-3.02948686137228e-05,-0.000137657286292114,-0.000110391937957477,4.47585507323822e-05,-6.81617118823696e-06,0,-4.54400585564964e-06
"98",3.61932358527994e-05,-2.4536740950154e-05,-2.72656767888834e-06,-2.72656433875085e-05,-0.000123896645487509,-9.93575935082092e-05,4.02826947576429e-05,-6.13458019105284e-06,0,-4.08960350934863e-06
"99",3.25739389905877e-05,-2.20829032060443e-05,-2.45393891574059e-06,-2.45393620756928e-05,-0.00011151242621521,-8.94270222651095e-05,3.62544245513519e-05,-5.52115052166596e-06,0,-3.68064127531225e-06
"100",2.93165742348833e-05,-1.98744353974156e-05,-2.20857540404807e-06,-2.20857320543111e-05,-0.000100367008593061,-8.04898675044186e-05,3.26289814944758e-05,-4.96906622481086e-06,0,-3.31257511761789e-06
"101",2.63849485371281e-05,-1.78867994526932e-05,-1.98775078264038e-06,-1.98774900428411e-05,-9.03365356519359e-05,-7.24468090074204e-05,2.93660828765141e-05,-4.4721929272698e-06,0,-2.98131544217048e-06
"102",2.37464881536198e-05,-1.60979109820047e-05,-1.78901136804778e-06,-1.78900993130782e-05,-8.13095370033601e-05,-6.5208459276711e-05,2.64294742091664e-05,-4.02500974269054e-06,0,-2.68318155922202e-06
"103",2.13718767572146e-05,-1.44878939956072e-05,-1.61014885652638e-06,-1.6101476929542e-05,-7.31856901636796e-05,-5.86943703750897e-05,2.37865264818282e-05,-3.62254787295707e-06,0,-2.41486088616416e-06
"104",1.92347296756878e-05,-1.30388599695053e-05,-1.4491757851504e-06,-1.4491748412393e-05,-6.58747057125098e-05,-5.28321398074461e-05,2.14078735849554e-05,-3.26033541102333e-06,0,-2.17337208780667e-06
"105",1.73113007262415e-05,-1.17347089489961e-05,-1.3043034745362e-06,-1.3043027036197e-05,-5.92953239508809e-05,-4.75566058311117e-05,1.92670860155175e-05,-2.93434767716788e-06,0,-1.95603193648713e-06
"106",1.55802182932874e-05,-1.05609513800786e-05,-1.1739221077696e-06,-1.17392148335504e-05,-5.33744117348078e-05,-4.28091234017103e-05,1.73403772452119e-05,-2.64096249556756e-06,0,-1.76042556939828e-06
"107",1.40222480737862e-05,-9.50454601689188e-06,-1.05658290412708e-06,-1.05658239824002e-05,-4.80461496810136e-05,-3.85369121613799e-05,1.56063393763617e-05,-2.37691989164041e-06,0,-1.58437959144047e-06
"108",1.26200791150666e-05,-8.55375569264183e-06,-9.50981957430016e-07,-9.50981557945596e-06,-4.32513006964896e-05,-3.46924699745621e-05,1.40457053321441e-05,-2.13928594977597e-06,0,-1.42593793421039e-06
"109",1.13581316796285e-05,-7.69801699052053e-06,-8.55945821929831e-07,-8.55945487820975e-06,-3.8936551416402e-05,-3.12330447060916e-05,1.26411347167732e-05,-1.92542017243141e-06,0,-1.28334012784614e-06
"110",1.02223839393289e-05,-6.92782234912315e-06,-7.70418368442221e-07,-7.70418102646886e-06,-3.50539198334943e-05,-2.81201590790481e-05,1.13770211696007e-05,-1.73294610449765e-06,0,-1.15500180398919e-06
"111",9.20021638872726e-06,-6.23461482440746e-06,-6.93449151896886e-07,-6.93448938271501e-06,-3.15602215250621e-05,-2.53191828281096e-05,1.02393189926886e-05,-1.55972497712514e-06,0,-1.03949695260076e-06
"112",8.28027137966814e-06,-5.61069328774977e-06,-6.24182808571319e-07,-6.24182634467729e-06,-2.84165896924371e-05,-2.27989473966517e-05,9.21538705345171e-06,-1.40383200758487e-06,0,-9.35542168553824e-07
"113",7.45232713317279e-06,-5.0491265279895e-06,-5.61849518279371e-07,-5.61849381464086e-06,-2.55880429511635e-05,-2.05313996803902e-05,8.29384831924074e-06,-1.26353483891062e-06,0,-8.419824893055e-07
"114",6.70718411921456e-06,-4.54367548030632e-06,-5.05756517816739e-07,-5.05756397872759e-06,-2.30430962422368e-05,-1.84912895995204e-05,7.46446344734863e-06,-1.1372744143992e-06,0,-7.57778321093879e-07
"115",6.03656271636055e-06,-4.08872572466024e-06,-4.55280320121138e-07,-4.55280231292932e-06,-2.07534105900464e-05,-1.66558892567004e-05,6.71801707596842e-06,-1.02364763904933e-06,0,-6.81994094278065e-07
"116",5.43301141853192e-06,-3.67922329269632e-06,-4.09859891639485e-07,-4.09859814975988e-06,-1.86934777102188e-05,-1.50047399949393e-05,6.04621535060801e-06,-9.21391787693515e-07,0,-6.13787747409845e-07
"117",4.88982379032166e-06,-3.31061986713621e-06,-3.68990288070641e-07,-3.68990229482336e-06,-1.68403361255898e-05,-1.35194245687309e-05,5.44159379778364e-06,-8.29370419910824e-07,0,-5.52401499622874e-07
"118",4.40096419307423e-06,-2.97882111199854e-06,-3.32217156550452e-07,-3.32217107157362e-06,-1.51733155595579e-05,-1.21833619970424e-05,4.89743441356438e-06,-7.46560834680166e-07,0,-4.97153263360372e-07
"119",3.96100059418814e-06,-2.68014209714451e-06,-2.99131630990102e-07,-2.99131590608681e-06,-1.36738065981135e-05,-1.09816226112613e-05,4.40769096776705e-06,-6.720426227666e-07,0,-4.47429203690063e-07
"120",3.5650441487789e-06,-2.41126607569697e-06,-2.69365775881375e-07,-2.69365741933925e-06,-1.23250531447461e-05,-9.90076173268406e-06,3.96692185766767e-06,-6.04987513037891e-07,0,-4.02676846885225e-07
"121",3.20869506520438e-06,-2.16920755802263e-06,-2.42588537487856e-07,-2.42588512611164e-06,-1.11119658030567e-05,-8.92866941493153e-06,3.57022966746001e-06,-5.44650102102251e-07,0,-3.62398975550036e-07
"122",2.8879934887982e-06,-1.95127920488147e-06,-2.18502041024057e-07,-2.18502018700661e-06,-1.00209531117557e-05,-8.05443512996717e-06,3.21320670071401e-06,-4.90359662250195e-07,0,-3.26148061078194e-07
"123",2.59937564806023e-06,-1.75506217336974e-06,-1.9683825418407e-07,-1.96838241262043e-06,-9.03976989929944e-06,-7.26822587671094e-06,2.89188601954038e-06,-4.41512561580315e-07,0,-2.93521408066125e-07
"124",2.33963428630801e-06,-1.57837877212685e-06,-1.77356057108425e-07,-1.77356047625921e-06,-8.15738019355194e-06,-6.56117588038185e-06,2.60269741314545e-06,-3.97565643774078e-07,0,-2.6415650447189e-07
"125",2.10588282367752e-06,-1.41926911334522e-06,-1.59838520522431e-07,-1.59838511315513e-06,-7.36383366506388e-06,-5.92528714982166e-06,2.34242767405135e-06,-3.58030206176752e-07,0,-2.37727123251647e-07
"126",1.89552338270005e-06,-1.27596903043425e-06,-1.44090498561982e-07,-1.44090488429782e-06,-6.65015382761425e-06,-5.35333950502093e-06,2.10818489332354e-06,-3.22466503326069e-07,0,-2.1393970761477e-07
"127",1.70621798911696e-06,-1.14689036045945e-06,-1.29936459149771e-07,-1.29936451598311e-06,-6.0082373076753e-06,-4.83880931989589e-06,1.89736639732985e-06,-2.90478893022472e-07,0,-1.92530044176297e-07
"128",1.53586239282077e-06,-1.03060415757028e-06,-1.17218526278099e-07,-1.17218519335438e-06,-5.43076233983086e-06,-4.37579571466173e-06,1.70762974871508e-06,-2.61711467428039e-07,0,-1.73260366744373e-07
"129",1.38256275317161e-06,-9.2582408406372e-07,-1.05794709414701e-07,-1.05794708549212e-06,-4.9111062438989e-06,-3.95895390914447e-06,1.53686676718223e-06,-2.35844071182212e-07,0,-1.55916758013337e-07
"130",1.24461441153301e-06,-8.31393942579695e-07,-9.55373194977759e-08,-9.55373224975631e-07,-4.44327034054837e-06,-3.58343448247922e-06,1.38318008158222e-06,-2.12588814260672e-07,0,-1.40306751684436e-07
"131",1.12048301748047e-06,-7.46274386731471e-07,-8.63315309860583e-08,-8.63315330335013e-07,-4.02181193903672e-06,-3.24482817282146e-06,1.24486208008534e-06,-1.91686827695492e-07,0,-1.26257283274614e-07
"132",1.00878712050445e-06,-6.69532551622609e-07,-7.80740631266927e-08,-7.80740605499375e-07,-3.64178240896962e-06,-2.93911587290197e-06,1.12037588095859e-06,-1.72905474833673e-07,0,-1.13612764568799e-07
"133",9.08282693501405e-07,-6.00333605049741e-07,-7.06720048068429e-08,-7.0671999363725e-07,-3.29867100301584e-06,-2.66262302206499e-06,1.00833830174452e-06,-1.56035811355038e-07,0,-1.0223347002683e-07
"134",8.17848966327972e-07,-5.37932987043632e-07,-6.40417131506286e-08,-6.40417086028577e-07,-2.98835356460359e-06,-2.41197820605166e-06,9.07504471570064e-07,-1.40890322325449e-07,0,-9.1994098204409e-08
"135",7.36475391782676e-07,-4.81671746932477e-07,-5.81078185813798e-08,-5.81078196670859e-07,-2.70704622051809e-06,-2.1840758424041e-06,8.16754019972166e-07,-1.27301041930039e-07,0,-8.2782503744069e-08
"136",6.63249610788341e-07,-4.30974100851245e-07,-5.280226021218e-08,-5.28022636725467e-07,-2.45126358100478e-06,-1.97604320684164e-06,7.35078620195395e-07,-1.15117895077566e-07,0,-7.44987817178591e-08
"137",5.97346194730619e-07,-3.85347265208225e-07,-4.80633200966045e-08,-4.80633222110782e-07,-2.21778136966222e-06,-1.7852114786443e-06,6.61570753734964e-07,-1.04207259661593e-07,0,-6.7054574980961e-08
"138",5.38015676454506e-07,-3.4438788487634e-07,-4.38346795303238e-08,-4.38346814402024e-07,-2.00360434909896e-06,-1.60909221502692e-06,5.95413673920575e-07,-9.4451018013697e-08,0,-6.0372580131269e-08
"139",4.84573581260861e-07,-3.07792269449436e-07,-4.00644036984212e-08,-4.00644073472733e-07,-1.8059396533765e-06,-1.4453600094555e-06,5.35872302087625e-07,-8.57459658831772e-08,0,-5.43866143152759e-08
"140",4.36388836178025e-07,-2.75377487479744e-07,-3.67037379641331e-08,-3.67037400472725e-07,-1.62217730359515e-06,-1.29184365427193e-06,4.82285078540201e-07,-7.80037281294943e-08,0,-4.90422279190441e-08
"141",3.9287082476136e-07,-2.4711445112402e-07,-3.37056694993652e-08,-3.37056682564452e-07,-1.44988063777163e-06,-1.14652962679429e-06,4.34056568465735e-07,-7.11513761103566e-08,0,-4.42980586301291e-08
"142",3.53454021606581e-07,-2.23181284564333e-07,-3.102306898373e-08,-3.10230674482881e-07,-1.28678973032592e-06,-1.00758211774021e-06,3.90650911619161e-07,-6.5133048433863e-08,0,-4.01283071266266e-08
"143",3.17578452424527e-07,-2.04044214857646e-07,-2.86061542752457e-08,-2.86061563326001e-07,-1.13084408503994e-06,-8.73388672495423e-07,3.51585827118583e-07,-5.9912918723426e-08,0,-3.65268941586173e-08
"144",2.84663626004544e-07,-1.90581617154351e-07,-2.63989451668697e-08,-2.63989463622494e-07,-9.80234238223687e-07,-7.42643735396342e-07,3.16427239965833e-07,-5.54802247546005e-08,0,-3.35139735565562e-08
"145",2.54072363148339e-07,-1.8427286363476e-07,-2.43341279937199e-08,-2.4334129156145e-07,-8.33494628871279e-07,-6.14487472017089e-07,2.84784507087465e-07,-5.18572639690573e-08,0,-3.11460967608806e-08
"146",2.25059282321638e-07,-1.87480708735421e-07,-2.2325636047469e-08,-2.23256368947489e-07,-6.89660484276544e-07,-4.88729767766927e-07,2.56306065260503e-07,-4.91118454931661e-08,0,-2.95316279215883e-08
"147",1.96696170462474e-07,-2.03875649695817e-07,-2.02576116666933e-08,-2.02576100338803e-07,-5.48518241938467e-07,-3.66199737200645e-07,2.30675456514007e-07,-4.73760605398943e-08,0,-2.88542338264727e-08
"148",1.67762004288363e-07,-2.39075403918321e-07,-1.79681329935485e-08,-1.79681336476278e-07,-4.1099859071636e-07,-2.49285392328602e-07,2.0760790864216e-07,-4.6875151676895e-08,0,-2.94079275463458e-08
"149",1.36580524667806e-07,-3.01599500929228e-07,-1.52249167410693e-08,-1.52249135521032e-07,-2.79781575684979e-07,-1.42757361487611e-07,1.86847115557498e-07,-4.79706704914484e-08,0,-3.16502349358257e-08
"150",1.00778652090128e-07,-4.04302447076788e-07,-1.16890924683779e-08,-1.16890996881835e-07,-1.60221524936333e-07,-5.50196332937958e-08,1.68162395119964e-07,-5.12255102919079e-08,0,-3.62815780230705e-08
"151",5.69265301564315e-08,-5.66517688316281e-07,-6.86115835999304e-09,-6.86115830816902e-08,-6.17504269939673e-08,0,1.51346157828414e-07,-5.75015514370225e-08,0,-4.43643519319149e-08
"152",0,-8.17269163455592e-07,0,0,0,0,1.36211530943342e-07,-6.8105765471671e-08,0,-5.75015514370225e-08
